id,nombre,cueanexo,domicilio,localidad,departamento,region,ambito
1,COLEGIO N 1 TEODORO SANCHEZ DE BUSTAMANTE,380001700,GORRITI N°343 B°CENTRO,SAN SALVADOR DE JUJUY,DOCTOR MANUEL BELGRANO,III,URBANO
2,BACHILLERATO PROVINCIAL N 15 LEGISLATURA DE LA PROVINCIA DE JUJUY,380002100,PEATONAL 25 B°CUYAYA,SAN SALVADOR DE JUJUY,DOCTOR MANUEL BELGRANO,III,URBANO
3,CENTRO POLIVALENTE DE ARTE PROF LUIS ALBERTO MARTINEZ,380002400,SANTA BARBARA N°677 B°20 DE JUNIO,SAN SALVADOR DE JUJUY,DOCTOR MANUEL BELGRANO,III,URBANO
4,ESCUELA DE COMERCIO N 1 PROF JOSE ANTONIO CASAS,380002600,BELGRANO N°100 B°LOS NARANJOS,SAN SALVADOR DE JUJUY,DOCTOR MANUEL BELGRANO,III,URBANO
5,ESCUELA PROVINCIAL DE COMERCIO N 3 JOSE MANUEL ESTRADA,380002700,GASPAR ROSSO B°CORONEL ARIAS,SAN SALVADOR DE JUJUY,DOCTOR MANUEL BELGRANO,III,URBANO
6,ESCUELA DE EDUCACIÓN TÉCNICA N 2 PROF JESÚS RAUL SALAZAR,380002800,BRASIL B°MARIANO MORENO,SAN SALVADOR DE JUJUY,DOCTOR MANUEL BELGRANO,III,URBANO
7,ESCUELA DE COMERCIO N 2 MALVINAS ARGENTINAS,380003200,GRAL LOPEZ ESQ PEDRO DEL PORTAL B°CIUDAD DE NIEVA,SAN SALVADOR DE JUJUY,DOCTOR MANUEL BELGRANO,III,URBANO
8,ESCUELA PROVINCIAL DE ARTES N 1 MEDARDO PANTOJA,380004300,GÜEMES N°1064 B°CENTRO,SAN SALVADOR DE JUJUY,DOCTOR MANUEL BELGRANO,III,URBANO
9,BACHILLERATO PROVINCIAL N 20,380004500,LAPRIDA,AGUAS CALIENTES,EL CARMEN,III,URBANO
10,ESCUELA PROVINCIAL AGROTÉCNICA N 7,380004700,AV PLINIO ZABALA B°LA POSTA,PERICO,EL CARMEN,III,URBANO
11,ESCUELA DE COMERCIO N 1 SDOR DOMINGO TEOFILO PEREZ,380007400,PAMPA BLANCA B°LOTEO FISCAL,PAMPA BLANCA,EL CARMEN,III,URBANO
12,ESCUELA TÉCNICA N 1 MAESTRO HUMBERTO SAMUEL LUNA,380007800,BUSTAMANTE N°656 B°23 DE AGOSTO,PERICO,EL CARMEN,III,URBANO
13,BACHILLERATO PROVINCIAL N 6 ISLAS MALVINAS,380009000,AV. 10 DE JUNIO B°MALVINAS ARGENTINAS,SAN SALVADOR DE JUJUY,DOCTOR MANUEL BELGRANO,III,URBANO
14,ESCUELA DE EDUCACIÓN TÉCNICA N 1 ESCOLÁSTICO ZEGADA,380009100,SALTA N°1143 B°CENTRO,SAN SALVADOR DE JUJUY,DOCTOR MANUEL BELGRANO,III,URBANO
15,BACHILLERATO PROVINCIAL N 2 GOB BENJAMIN VILLAFAÑE,380009200,COCHABAMBA N°1260 B°SAN PEDRITO - 249 VIVIENDAS,SAN SALVADOR DE JUJUY,DOCTOR MANUEL BELGRANO,III,URBANO
16,BACHILLERATO PROVINCIAL N 21,380009300,PERU N°1201 B°MARIANO MORENO,SAN SALVADOR DE JUJUY,DOCTOR MANUEL BELGRANO,III,URBANO
17,COLEGIO N 2 ARMADA ARGENTINA,380009400,LISANDRO DE LA TORRE N°350 B°GORRITI,SAN SALVADOR DE JUJUY,DOCTOR MANUEL BELGRANO,III,URBANO
18,BACHILLERATO PROVINCIAL N 17,380010300,SARMIENTO B°1°DE MAYO,SAN ANTONIO,SAN ANTONIO,III,RURAL AGLOMERADO
19,BACHILLERATO PROVINCIAL N 19 PROF CLAUDIA GRACIELA ALONSO,380011900,SARMIENTO,YALA,DOCTOR MANUEL BELGRANO,III,RURAL AGLOMERADO
20,ESCUELA DE EDUCACIÓN TÉCNICA N 1 GRAL SAVIO,380013200,PEDRO E ARAMBURU N°301 B°CANAL BEAGLE,PALPALA,PALPALA,III,URBANO
21,COLEGIO SECUNDARIO N 1 CRUCERO GRAL BELGRANO,380013400,TTE FARIAS B°ALTO COMEDERO - 128 VIVIENDAS,SAN SALVADOR DE JUJUY,DOCTOR MANUEL BELGRANO,III,URBANO
22,ESCUELA DE COMERCIO N 2  27 DE ABRIL DÍA GRANDE DE JUJUY,380015500,PRESIDENTE ILLIA B°SANTA ANA,EL CARMEN,EL CARMEN,III,URBANO
23,BACHILLERATO PROVINCIAL N 16 PASO DE JAMA,380015800,TUYUTI B°LOS HUAICOS,SAN SALVADOR DE JUJUY,DOCTOR MANUEL BELGRANO,III,URBANO
24,ESCUELA TÉCNICA PROVINCIAL N 1 ARISTOBULO VARGAS BELMONTE,380016200,PALMA CARRILLO N°425 B°BAJO LA VIÑA,SAN SALVADOR DE JUJUY,DOCTOR MANUEL BELGRANO,III,URBANO
25,ESCUELA PROVINCIAL AGROTÉCNICA N 1 EL BRETE,380016300,RUTA 56 KM 17 B°EL BRETE,EL BRETE,PALPALA,III,RURAL DISPERSO
26,ESCUELA PROVINCIAL DE COMERCIO N 2 DR MANUEL BELGRANO,380016800,AVENIDA MARTIJENA B°BELGRANO,PALPALA,PALPALA,III,URBANO
27,BACHILLERATO PROVINCIAL N 22 HÉROES DE MALVINAS,380016900,RIO TUNUYAN B°SAN IGNACIO DE LOYOLA,PALPALA,PALPALA,III,URBANO
28,ESCUELA PROVINCIAL AGROTÉCNICA N 3 CORONEL ARIAS,380018700,LA BANDA S/N - HUMAHUACA,HUMAHUACA,HUMAHUACA,II,URBANO
29,ESCUELA PROVINCIAL AGROTÉCNICA N 11,380020000,VINALITO,VINALITO,SANTA BARBARA,V,RURAL AGLOMERADO
30,ESCUELA PROVINCIAL AGROTÉCNICA N 13,380020300,BUENOS AIRES,VALLE GRANDE,VALLE GRANDE,V,RURAL AGLOMERADO
31,ESCUELA DE EDUCACIÓN TÉCNICA N 2 DR HORACIO GUZMAN,380021200,ARISTOBULO DEL VALLE N°50 B°CENTRO,SAN PEDRO,SAN PEDRO,IV,URBANO
32,BACHILLERATO PROVINCIAL N 11 MONSENOR SIXTO VILLOLDO,380021300,BELISARIO RUIZ  N°260 B°HORACIO GUZMAN,SAN PEDRO,SAN PEDRO,IV,URBANO
33,COLEGIO SECUNDARIO PROVINCIA DE MISIONES,380021400,MIKKELSEN N°15 B°MUNICIPAL,LA ESPERANZA,SAN PEDRO,IV,URBANO
34,ESCUELA DE COMERCIO N 1 DR JOSE INGENIEROS,380022200,AV. JUJUY N°242 B°23 DE AGOSTO,SAN PEDRO,SAN PEDRO,IV,URBANO
35,ESCUELA PROVINCIAL DE COMERCIO N 7 SAN MARCELINO CHAMPAGÑAT,380022900,ECUADOR N°575 B°SANTA ROSA DE LIMA,SAN PEDRO,SAN PEDRO,IV,URBANO
36,BACHILLERATO PROVINCIAL N 9 SAN FRANSISCO DE ASIS,380023200,AV. ING. CARLOS SNOPEK B°BOCA,EL TALAR,SANTA BARBARA,V,URBANO
37,ESCUELA PROVINCIAL DE COMERCIO N 5,380023400,23 DE AGOSTO B°CENTRO,YUTO,LEDESMA,V,URBANO
38,ESCUELA PROVINCIAL DE COMERCIO N 6 GRAL MANUEL BELGRANO,380024100,AV PRESIDENTE PERON B°PATRICIAS ARGENTINAS,LIBERTADOR GENERAL SAN MARTIN,LEDESMA,V,URBANO
39,ESCUELA DE EDUCACIÓN TÉCNICA N 1,380030800,EJERCITO DEL NORTE B°20  DE JUNIO,LA QUIACA,YAVI,I,URBANO
40,COLEGIO N 1 VIRGEN DE PUNTA CORRAL,380034600,MARIANO MORENO - VOLCAN,VOLCAN,TUMBAYA,III,RURAL AGLOMERADO
41,BACHILLERATO PROVINCIAL N 18 PROF HECTOR HUGO CAZON,380034900,SIN NOMBRE - PURMAMARCA,PURMAMARCA,TUMBAYA,III,RURAL AGLOMERADO
42,ESCUELA PROVINCIAL DE COMERCIO N 4 25 DE FEBRERO,380035300,BELISARIO ROLDAN B°SANTA ROSA,LIBERTADOR GENERAL SAN MARTIN,LEDESMA,V,URBANO
43,ESCUELA DE EDUCACIÓN TÉCNICA N 1 GRAL MANUEL BELGRANO,380035600,MARTIN RODRIGUEZ B°CENTRO,MAIMARA,TILCARA,II,URBANO
44,ESCUELA DE COMERCIO N 1  REPUBLICA ARGENTINA,380036300,BALCARCE B°CENTRO,LA QUIACA,YAVI,I,URBANO
45,ESCUELA DE EDUCACIÓN TÉCNICA N 1,380037500,EL AGUILAR,EL AGUILAR,HUMAHUACA,II,URBANO
46,BACHILLERATO PROVINCIAL N 12 AVELINO BAZAN,380037700,PARQUE CLUB ALBERDI-EL AGUILAR N°1 B°,EL AGUILAR,HUMAHUACA,II,URBANO
47,BACHILLERATO PROVINCIAL N 25 GERMAN WALTER CHURQUI CHOQUEVILCA,380037900,RIVADAVIA N°482 B°CENTRO,TILCARA,TILCARA,II,URBANO
48,BACHILLERATO PROVINCIAL N 5 OCTAVIO FEDERICO BERNIS,380039100,AVDA. EVA PERON B°CENTRO,PALMA SOLA,SANTA BARBARA,IV,URBANO
49,ESCUELA DE COMERCIO N 1 JOSE MANUEL ESTRADA,380040100,SANCHEZ DE BUSTAMANTE N°605 B°23 DE AGOSTO,PERICO,EL CARMEN,III,URBANO
50,BACHILLERATO PROVINCIAL N 3 DR CARLOS MARCELO QUEVEDO CORNEJO,380040500,URUGUAY B°MARCELO QUEVEDO CORNEJO,MONTERRICO,EL CARMEN,III,URBANO
51,COLEGIO NACIONAL N 3 ÉXODO JUJEÑO,380040800,INDEPENDENCIA N°947 B°CENTRO,SAN SALVADOR DE JUJUY,DOCTOR MANUEL BELGRANO,III,URBANO
52,ESCUELA PROVINCIAL AGROTÉCNICA N 4,380041000,LUIS MARIA BLAQUIER B°LEDESMA,LIBERTADOR GENERAL SAN MARTIN,LEDESMA,V,URBANO
53,ESCUELA PROVINCIAL DE ARTES N 3 LOLA MORA,380041200,AV. LIBERTAD B°BELGRANO,LIBERTADOR GENERAL SAN MARTIN,LEDESMA,V,URBANO
54,BACHILLERATO PROVINCIAL N 1 GOB ING ALBERTO JOSE ITURBE,380041500,AVDA. 24 DE MAYO B°PLAN FIL,FRAILE PINTADO,LEDESMA,V,URBANO
55,BACHILLERATO PROVINCIAL N 7 CARLOS ALBERTO ALVARADO,380042200,19 DE ABRIL,CALILEGUA,LEDESMA,V,URBANO
56,BACHILLERATO PROVINCIAL N 8 SALVADOR MAZZA,380042600,LA PAMPA B°SAN CAYETANO,CAIMANCITO,LEDESMA,V,URBANO
57,COLEGIO POLIMODAL N 8 JUANA AZURDUY,380043000,MARIA T. CARDOZO DE GOMEZ B°SANTA BARBARA,HUMAHUACA,HUMAHUACA,II,URBANO
58,COLEGIO SECUNDARIO N 62 SAN JUAN BAUTISTA DE LA SALLE,380043400,ROBERTO SANCHO N°3470 B°ISLAS MALVINAS ,SAN SALVADOR DE JUJUY,DOCTOR MANUEL BELGRANO,III,URBANO
59,COLEGIO N 1 DOMINGO FAUSTINO SARMIENTO,380043700,CHACHO PEÑALOZA ESQUINA MARTIJENA N°0 B°CANAL DE BEAGLE,PALPALA,PALPALA,III,URBANO
60,ESCUELA DE EDUCACIÓN TÉCNICA N 1 CNEL MANUEL ALVAREZ PRADO,380044200,MIGUEL ARAOZ N°220 B°CENTRO,SAN PEDRO,SAN PEDRO,IV,URBANO
61,BACHILLERATO PROVINCIAL N 14 JUAN MINETTI,380044300,PUESTO VIEJO B°CENTRO MINA,PUESTO VIEJO,EL CARMEN,III,RURAL AGLOMERADO
62,BACHILLERATO PROVINCIAL N 10 FRANCISCO LUNA,380044700,SANTA CLARA,SANTA CLARA,SANTA BARBARA,IV,URBANO
63,ESCUELA PROVINCIAL DE COMERCIO N 1 PROF CARLOS EUSEBIO IBARRA,380045300,AV SANTIBAÑEZ N°1220 B°CENTRO,SAN SALVADOR DE JUJUY,DOCTOR MANUEL BELGRANO,III,URBANO
64,ESCUELA PROVINCIAL AGROTÉCNICA N 6,380046500,PARAJE RURAL PUERTA VERDE B°SAN LUCAS,RODEITO,SAN PEDRO,IV,RURAL AGLOMERADO
65,ESCUELA DE EDUCACIÓN TÉCNICA N 1 ING LUIS MICHAUD,380046700,SARMIENTO B°CENTRO,EL CARMEN,EL CARMEN,III,URBANO
66,BACHILLERATO PROVINCIAL N 4 ARMADA ARGENTINA,380048900,ALMIRANTE BROWN B°ISLAS MALVINAS,LA MENDIETA,SAN PEDRO,IV,URBANO
67,CENTRO POLIVALENTE DE ARTE N 2,380050400,FASCIO N°355 B°23 DE AGOSTO,SAN PEDRO,SAN PEDRO,IV,URBANO
68,ESCUELA PROVINCIAL AGROTÉCNICA N 2 ING CARLOS SNOPEK,380055000,AV. TANCO B°SANTA ROSA,EL PIQUETE,SANTA BARBARA,IV,URBANO
69,COLEGIO SECUNDARIO N 2 FRANCISCA TRIGUERO DE ROCHA SOLORZANO,380055900,AV. ESPAÑA N°1700 B°CENTRO,SAN SALVADOR DE JUJUY,DOCTOR MANUEL BELGRANO,III,URBANO
70,ESCUELA PROVINCIAL AGROTÉCNICA N 12,380058600,RUTA PROVINCIAL N° 6 B°EL FUERTE,EL FUERTE,SANTA BARBARA,IV,RURAL AGLOMERADO
71,BACHILLERATO PROVINCIAL N 24,380058900,CARLOS ALVARADO B°LOZANO,LOZANO,DOCTOR MANUEL BELGRANO,III,RURAL AGLOMERADO
72,COLEGIO SECUNDARIO N 3 SAN JOSE,380062100,AV BELGRANO N°651 B°OBRERO,PERICO,EL CARMEN,III,URBANO
73,ESCUELA PROVINCIAL AGROTÉCNICA N 10,380063600,RUTA N 9 B°HORNILLOS,HORNILLOS,TILCARA,II,RURAL DISPERSO
74,ESCUELA PROVINCIAL AGROTÉCNICA N 9,380064000,AV. 9 DE JULIO B°EL MORENO,EL MORENO,TUMBAYA,III,RURAL DISPERSO
75,COLEGIO POLIMODAL N 3,380065100,AV. 25 DE ABRIL B°BELGRANO,SAN SALVADOR DE JUJUY,DOCTOR MANUEL BELGRANO,III,URBANO
76,COLEGIO POLIMODAL N 2,380065300,AV. LIBERTADOR N°0 B°23 DE AGOSTO,ABRA PAMPA,COCHINOCA,I,URBANO
77,COLEGIO POLIMODAL N 1,380065500,CUSI CUSI B°CUSI CUSI,CUSI CUSI,SANTA CATALINA,I,RURAL DISPERSO
78,COLEGIO POLIMODAL N 4,380065600,AV. MARIANO MORENO B°CENTRO,RINCONADA,RINCONADA,I,RURAL DISPERSO
79,COLEGIO POLIMODAL N 5,380065700,AV. 9 DE NOVIEMBRE B°HIPOLITO YRIGOYEN,HIPOLITO YRIGOYEN,HUMAHUACA,II,RURAL AGLOMERADO
80,COLEGIO POLIMODAL N 6  CTE BERNARDO JIMENEZ,380066000,SARMIENTO B°CENTRO,HUACALERA,TILCARA,II,RURAL AGLOMERADO
81,COLEGIO SECUNDARIO N 5,380066100,MAIPU N°500 B°FLORIDA,PALPALA,PALPALA,III,URBANO
82,COLEGIO SECUNDARIO N 6,380066500,GUAYATAYOC B°ALTO COMEDERO - B5,SAN SALVADOR DE JUJUY,DOCTOR MANUEL BELGRANO,III,URBANO
83,COLEGIO POLIMODAL N 7,380073000,RIVADAVIA B°SANTA CATALINA,SANTA CATALINA,SANTA CATALINA,I,RURAL DISPERSO
84,ESCUELA NORMAL SUPERIOR JUAN IGNACIO GORRITI,380074200,SAN MARTIN N°750 B°CENTRO,SAN SALVADOR DE JUJUY,DOCTOR MANUEL BELGRANO,III,URBANO
85,COLEGIO SECUNDARIO N 7 MAESTRO MARIO HUMBERTO PEREZ,380074400,PORTUGAL N°0 B°LOTEO NUEVO PERICO,PERICO,EL CARMEN,III,URBANO
86,COLEGIO SECUNDARIO N 8,380075200,CALLE SIN NOMBRE,LAGUNILLAS,RINCONADA,I,RURAL DISPERSO
87,COLEGIO DE NIVEL SECUNDARIO N 9,380075300,19 DE ABRIL,CIENEGA,SANTA CATALINA,I,RURAL DISPERSO
88,COLEGIO DE NIVEL SECUNDARIO N 10,380075400,,CONDOR,YAVI,I,RURAL DISPERSO
89,COLEGIO SECUNDARIO N 12,380077000,AV. 23 DE AGOSTO,NUEVA PIRQUITAS,RINCONADA,I,RURAL AGLOMERADO
90,COLEGIO DE NIVEL SECUNDARIO N 11,380077100,SARMIENTO,TUSAQUILLA,COCHINOCA,I,RURAL DISPERSO
91,COLEGIO SECUNDARIO N 13,380077300,25 DE MAYO,ABDON CASTRO TOLAY,COCHINOCA,III,RURAL DISPERSO
92,ESCUELA PROVINCIAL AGROTÉCNICA N 14,380077500,25 DE MAYO,CIENEGUILLAS,SANTA CATALINA,I,RURAL DISPERSO
93,COLEGIO SECUNDARIO N 15 PADRE MIGUEL ÁNGEL AQUINO,380077700,SAN JORGE B°SAN CAYETANO,SAN PEDRO,SAN PEDRO,IV,URBANO
94,COLEGIO SECUNDARIO N 14,380077800,EMANUEL CONTA N°236 B°CENTRO,SAN PEDRO,SAN PEDRO,IV,URBANO
95,COLEGIO SECUNDARIO N 17,380077900,LOS ANGELES,PUMAHUASI,YAVI,I,RURAL DISPERSO
96,COLEGIO SECUNDARIO N 18,380078000,RAUL B. DIAZ B°CENTRO,CORANZULI,SUSQUES,I,RURAL DISPERSO
97,ESCUELA NORMAL SUPERIOR GENDARMERIA NACIONAL,380078300,CATAMARCA N°35 B°CENTRO,LA QUIACA,YAVI,I,URBANO
98,ESCUELA NORMAL SUPERIOR SGTO JUAN BAUTISTA CABRAL,380078400,AV MITRE B°12 DE OCTUBRE,ABRA PAMPA,COCHINOCA,I,URBANO
99,ESCUELA NORMAL REPÚBLICA DE BOLIVIA,380078500,CORRIENTES N°606 B°CENTRO,HUMAHUACA,HUMAHUACA,II,URBANO
100,ESCUELA NORMAL SUPERIOR DR EDUARDO CASANOVA,380078600,RUTA N° 9 B°VILLA LAS ROSAS,TILCARA,TILCARA,II,URBANO
101,ESCUELA NORMAL SUPERIOR GRAL JOSE DE SAN MARTÍN,380078800,PATERSON N°271 B°CENTRO,SAN PEDRO,SAN PEDRO,IV,URBANO
102,ESCUELA NORMAL SUPERIOR GRAL SAN MARTÍN,380078900,JUJUY N°184 B°CENTRO,LIBERTADOR GENERAL SAN MARTIN,LEDESMA,V,URBANO
103,COLEGIO SECUNDARIO N 21,380080300,SAN MARTIN,SAN FRANCISCO,VALLE GRANDE,V,RURAL DISPERSO
104,COLEGIO SECUNDARIO N 22,380080500,HERMOGENES CAYO B°PUEBLO,COCHINOCA,COCHINOCA,I,RURAL DISPERSO
105,COLEGIO SECUNDARIO N 19,380080600,CALLE SIN NOMBRE B°SIN NOMBRE,CASABINDO,COCHINOCA,I,RURAL DISPERSO
106,ESCUELA PROVINCIAL AGROTÉCNICA N 15,380080700,CARMELO WAYAR,YAVI,YAVI,I,RURAL DISPERSO
107,ESCUELA PROVINCIAL AGROTÉCNICA N 5,380080800,JOSE MARIA FASCIO B°CENTRO,FRAILE PINTADO,LEDESMA,V,URBANO
108,COLEGIO SECUNDARIO N 23 DR RENE GERONIMO FAVALORO,380081000,AV. LUIS PEDETI,OCLOYAS,DOCTOR MANUEL BELGRANO,III,RURAL DISPERSO
109,COLEGIO SECUNDARIO N 25,380081200,FRANCISCO PASTOR  N°82 B°23 DE AGOSTO,HUMAHUACA,HUMAHUACA,II,URBANO
110,COLEGIO SECUNDARIO N 28,380082200,TRES CRUCES,TRES CRUCES,HUMAHUACA,II,RURAL DISPERSO
111,COLEGIO SECUNDARIO N 26,380082400,2 DE JUNIO,UQUIA,HUMAHUACA,II,RURAL AGLOMERADO
112,COLEGIO SECUNDARIO N 27,380082500,EL BANANAL,BANANAL,LEDESMA,V,RURAL AGLOMERADO
113,COLEGIO SECUNDARIO DE ARTES N 30,380082600,9 DE JULIO  N°0 B°CENTRO,CASIRA,SANTA CATALINA,I,RURAL DISPERSO
114,COLEGIO SECUNDARIO N 29,380082700,RODEITO B°SAN JORGE,RODEITO,SAN PEDRO,IV,RURAL AGLOMERADO
115,COLEGIO SECUNDARIO N 31,380083800,BELGRANO,SANTA ANA,VALLE GRANDE,II,RURAL DISPERSO
116,COLEGIO SECUNDARIO N 32 RENE GERONIMO FAVALORO,380084100,274 B°EL BALCON,SAN SALVADOR DE JUJUY,DOCTOR MANUEL BELGRANO,III,URBANO
117,COLEGIO SECUNDARIO N 33,380084200,EL HUMAHUAQUEÑO B°VILLA JARDIN DE REYES,REYES,DOCTOR MANUEL BELGRANO,III,URBANO
118,COLEGIO SECUNDARIO N 34,380084300,VICE COMODORO R. DE LA COLINA N°381 B°ALTO COMEDERO - 281 VIVIENDAS,SAN SALVADOR DE JUJUY,DOCTOR MANUEL BELGRANO,III,URBANO
119,COLEGIO SECUNDARIO N 35,380084400,CALLE SIN NOMBRE B°NAVEA,LOS ALISOS,SAN ANTONIO,III,RURAL DISPERSO
120,COLEGIO SECUNDARIO N 36,380084500,CARLOS FASCIO  B°VIRGEN DEL ROSARIO,MONTERRICO,EL CARMEN,III,URBANO
121,COLEGIO SECUNDARIO N 37,380084600,PABLO SORIA ,CHALICAN,LEDESMA,IV,RURAL AGLOMERADO
122,COLEGIO SECUNDARIO N 38,380084700,RUTA PROVINCIAL N 53 B°SAN FRANCISCO DE ASIS,LAS PAMPITAS,EL CARMEN,III,RURAL DISPERSO
123,COLEGIO SECUNDARIO N 39,380084800,RUTA 20 KM 18,LOS BLANCOS,PALPALA,III,RURAL DISPERSO
124,COLEGIO SECUNDARIO N 40,380084900,RUTA PROVINCIAL 23,SAN JUAN DE DIOS,SAN PEDRO,IV,RURAL DISPERSO
125,COLEGIO SECUNDARIO N 41,380085000,LOS ALISOS N°102 B°,SANTO DOMINGO,EL CARMEN,III,RURAL DISPERSO
126,COLEGIO SECUNDARIO DE ARTES N 42,380085200,ARROYO COLORADO B°BICENTENARIO,SAN SALVADOR DE JUJUY,DOCTOR MANUEL BELGRANO,III,URBANO
127,COLEGIO SECUNDARIO N 43,380085300,AV. FORESTAL B°ALTO COMEDERO,SAN SALVADOR DE JUJUY,DOCTOR MANUEL BELGRANO,III,URBANO
128,COLEGIO SECUNDARIO N 44,380085600,VARAS,VARAS,HUMAHUACA,II,RURAL AGLOMERADO
129,COLEGIO SECUNDARIO N 45,380086200,LOS LAPACHOS,LOS LAPACHOS,EL CARMEN,III,RURAL AGLOMERADO
130,COLEGIO SECUNDARIO N 46 ROSARIO DEL RÍO GRANDE,380086300,AV DEL TRABAJO,BARRO NEGRO,SAN PEDRO,IV,RURAL AGLOMERADO
131,COLEGIO SECUNDARIO N 47,380089300,AV. LIBERTAD B°BELGRANO,LIBERTADOR GENERAL SAN MARTIN,LEDESMA,V,URBANO
132,COLEGIO SECUNDARIO N 48,380089400,TTE. JUCKINGS B°FUERZA AEREA ARGENTINA - ALTO COMEDERO,SAN SALVADOR DE JUJUY,DOCTOR MANUEL BELGRANO,III,URBANO
133,COLEGIO SECUNDARIO DE ARTES N 49,380089900,LAVALLE B°ESCALINATA,TILCARA,TILCARA,II,URBANO
134,COLEGIO SECUNDARIO N 50,380090000,EXODO,SANTUARIO DE 3 POZOS,COCHINOCA,III,RURAL DISPERSO
135,COLEGIO SECUNDARIO N 51,380090300,SAN MIGUEL DE COLORADO,COLORADOS,TUMBAYA,III,RURAL DISPERSO
136,COLEGIO SECUNDARIO N 52,380091400,EXODO JUJEÑO B°EJERCITO DEL NORTE,SAN PEDRO,SAN PEDRO,IV,URBANO
137,COLEGIO SECUNDARIO DE ARTES N 53,380092200,SUSQUES B°SAN JOSE,PALPALA,PALPALA,III,URBANO
138,ESCUELA PROVINCIAL AGROTÉCNICA N 8,380092300,AV DOMINGO ZERPA B°CENTRO,ABRA PAMPA,COCHINOCA,I,URBANO
139,ESCUELA DE EDUCACIÓN TÉCNICA N 1,380092400,CORDOBA N°0 B°VIRGEN DEL ROSARIO,MONTERRICO,EL CARMEN,III,URBANO
140,ESCUELA SECUNDARIA RURAL N 1 - LOBATON,380092501,CAMINO VECINAL,EL ACHERAL,SAN PEDRO,IV,RURAL DISPERSO
141,ESCUELA SECUNDARIA RURAL N 1 - NORMENTA,380092502,RUTA PROVINCIAL N°19,NORMENTA,LEDESMA,V,RURAL DISPERSO
142,ESCUELA SECUNDARIA RURAL N 1 - SANTO DOMINGO,380092503,SANTO DOMINGO,SANTO DOMINGO,RINCONADA,I,RURAL DISPERSO
143,ESCUELA SECUNDARIA RURAL N 1 - LOMA BLANCA,380092504,LOMA BLANCA,LOMA BLANCA,RINCONADA,I,RURAL DISPERSO
144,ESCUELA SECUNDARIA RURAL N 1 - PAICONE,380092506,PAICONE,PAICONE,SANTA CATALINA,I,RURAL DISPERSO
145,ESCUELA SECUNDARIA RURAL N 1 - QUEBRALEÑA,380092507,QUEBRALEÑA,QUEBRALEÑA,COCHINOCA,I,RURAL DISPERSO
146,ESCUELA SECUNDARIA RURAL N 1 - VALLE COLORADO,380092509,VALLE COLORADO,VALLE COLORADO,VALLE GRANDE,V,RURAL DISPERSO
147,ESCUELA SECUNDARIA RURAL N 1 - PAMPICHUELA,380092510,PAMPICHUELA,PAMPICHUELA,VALLE GRANDE,V,RURAL DISPERSO
148,ESCUELA SECUNDARIA RURAL N 1 - LIVIARA,380092511,LIVIARA,LIVIARA,RINCONADA,I,RURAL DISPERSO
149,COLEGIO SECUNDARIO N 55,380092900,20 DE ENERO,ORATORIO,SANTA CATALINA,I,RURAL DISPERSO
150,COLEGIO SECUNDARIO N 54,380093000,30 HECTAREAS B°ALTO COMEDERO,SAN SALVADOR DE JUJUY,DOCTOR MANUEL BELGRANO,III,URBANO
151,ESCUELA SECUNDARIA RURAL N 2 - CIANZO,380094201,CIANZO,CIANZO,HUMAHUACA,II,RURAL DISPERSO
152,ESCUELA SECUNDARIA RURAL N 2 - APARZO,380094202,APARZO,APARZO,HUMAHUACA,II,RURAL DISPERSO
153,ESCUELA SECUNDARIA RURAL N 2 - PALCA DE APARZO,380094203,PALCA DE APARZO,PALCA DE APARZO,HUMAHUACA,II,RURAL DISPERSO
154,ESCUELA SECUNDARIA RURAL N 2 - VALIAZO,380094204,VALIAZO,VALIAZO,HUMAHUACA,II,RURAL DISPERSO
155,ESCUELA SECUNDARIA RURAL N 2 - CHORCAN,380094205,CHORCAN,CHORCAN,HUMAHUACA,II,RURAL DISPERSO
156,ESCUELA SECUNDARIA RURAL N 2 - VIZCARRA,380094207,VIZCARRA,VIZCARRA,HUMAHUACA,II,RURAL DISPERSO
157,ESCUELA SECUNDARIA RURAL N 2 - AGUA DE CASTILLA,380094208,AGUA DE CASTILLA,AGUA DE CASTILLA,COCHINOCA,I,RURAL DISPERSO
158,ESCUELA SECUNDARIA RURAL N 2 - LAGUNA DE TESORERO,380094211,LAGUNA DE TESORERO,TESORERO,DOCTOR MANUEL BELGRANO,III,RURAL DISPERSO
159,ESCUELA SECUNDARIA RURAL N 2 - LAS ESCALERAS,380094213,LAS ESCALERAS,LAS ESCALERAS,PALPALA,III,RURAL DISPERSO
160,ESCUELA SECUNDARIA RURAL N 2 - LA ALMONA,380094214,LA ALMONA,LA ALMONA,DOCTOR MANUEL BELGRANO,III,RURAL DISPERSO
161,COLEGIO SECUNDARIO N 56,380095300,EL CARMEN,EL CARMEN,EL CARMEN,III,URBANO
162,COLEGIO SECUNDARIO N 57,380095400,CASPALA,CASPALA,VALLE GRANDE,II,RURAL DISPERSO
163,COLEGIO SECUNDARIO N 60,380097300,AV.PABLO BALDUIN S/N B°B° FELLNER,SAN PEDRO,SAN PEDRO,IV,URBANO
164,COLEGIO SECUNDARIO N 59 OLGA MARQUEZ DE AREDEZ ,380097700,ALVEAR N°1145 B°CENTRO,SAN SALVADOR DE JUJUY,DOCTOR MANUEL BELGRANO,III,URBANO
165,COLEGIO SECUNDARIO N 63,380099900,LA CIENAGA,LA CIENAGA,SANTA CATALINA,I,RURAL DISPERSO
166,ESCUELA SECUNDARIA RURAL N 3  CANGREJILLOS,380100001,CANGREJILLOS,YAVI,YAVI,I,RURAL DISPERSO
167,ESCUELA SECUNDARIA RURAL N 3 SAN JUAN DE MISA RUMI,380100003,SAN JUAN DE MISA RUMI,MISA RUMI,SANTA CATALINA,I,RURAL DISPERSO
168,ESCUELA SECUNDARIA RURAL N 3 CASA COLORADA,380100004,CASA COLORADA,CASA COLORADA,RINCONADA,I,RURAL DISPERSO
169,ESCUELA SECUNDARIA RURAL N 3 COCTACA,380100005,COCTACA,COCTACA,HUMAHUACA,II,RURAL DISPERSO
170,ESCUELA SECUNDARIA RURAL N 3 RODERO,380100006,RODERO,RODERO,HUMAHUACA,II,RURAL DISPERSO
171,ESCUELA SECUNDARIA RURAL N 3 MIYUYOC,380100009,MIYUYOC,MIYUYOC,HUMAHUACA,II,RURAL DISPERSO
172,ESCUELA SECUNDARIA RURAL N 3 RACHAITE,380100010,RUTA PROVINCIAL N 74 ,RACHAITE,COCHINOCA,I,RURAL DISPERSO
173,ESCUELA SECUNDARIA RURAL N 3 PUEBLO VIEJO,380100011,PUEBLO VIEJO,PUEBLO VIEJO,HUMAHUACA,II,RURAL DISPERSO
174,COLEGIO SECUNDARIO N 64,380102600,GRAL.GUEMES N°26 B°B°NUEVA CIUDAD,EL CARMEN,EL CARMEN,III,URBANO
175,COLEGIO SECUNDARIO N 65,380102700,ENTRE COLECTORA PTE. PERON Y AV. REPUBLICA DE SIRIA,LIBERTADOR GENERAL SAN MARTIN,LEDESMA,V,URBANO
